chain_id,res_id,res_name,min_distance,num_contacts,contact_atoms
R,414,MET,2.1296567798591393,7,"['N', 'CA', 'C', 'O', 'CB', 'CG', 'SD']"
R,459,TYR,2.234776275155965,12,"['N', 'CA', 'C', 'O', 'CB', 'CG', 'CD1', 'CD2', 'CE1', 'CE2', 'CZ', 'OH']"
A,391,TYR,2.329139326017232,9,"['OH', 'CA', 'C', 'O', 'CB', 'CG', 'CD1', 'CE1', 'CZ']"
R,463,ASN,2.472330479527363,7,"['N', 'CA', 'C', 'CB', 'CG', 'OD1', 'ND2']"
R,458,ILE,2.4836340310118117,6,"['CB', 'CG2', 'C', 'O', 'CG1', 'CD1']"
R,223,HIS,2.583431438997354,8,"['ND1', 'CD2', 'N', 'CA', 'CB', 'CG', 'CE1', 'NE2']"
R,413,LEU,2.914196115569433,8,"['N', 'CA', 'C', 'O', 'CB', 'CG', 'CD1', 'CD2']"
R,417,PHE,3.001148280242074,10,"['N', 'CA', 'C', 'CB', 'CG', 'CD1', 'CD2', 'CE1', 'CE2', 'CZ']"
R,302,GLU,3.004210711651233,5,"['CG', 'OE1', 'CD', 'OE2', 'CB']"
R,415,PRO,3.031064169561566,6,"['N', 'CA', 'C', 'CB', 'CG', 'CD']"
R,416,LEU,3.1166876648133996,6,"['N', 'CA', 'C', 'CB', 'CG', 'CD1']"
R,299,ILE,3.1949816900883805,7,"['CA', 'C', 'O', 'CB', 'CG1', 'CG2', 'CD1']"
R,412,VAL,3.2917208265586484,7,"['N', 'CA', 'C', 'O', 'CB', 'CG1', 'CG2']"
R,219,ARG,3.353102145774872,5,"['CG', 'CD', 'NE', 'CZ', 'NH1']"
R,411,LEU,3.5765556056071635,7,"['CA', 'C', 'O', 'CB', 'CG', 'CD1', 'CD2']"
A,392,GLU,3.6195601942777564,8,"['N', 'CB', 'CG', 'CD', 'OE1', 'CA', 'C', 'O']"
R,306,LEU,3.652778805238549,3,"['CB', 'CG', 'CD2']"
A,393,LEU,3.8674049438867963,4,"['N', 'CG', 'CD1', 'CD2']"
R,226,LEU,3.9079041697564687,3,"['CD1', 'CD2', 'CG']"
R,374,ASN,3.958936852236968,3,"['CG', 'OD1', 'ND2']"
R,464,GLY,3.9639859989661854,1,['N']
A,390,GLN,4.0008231652998605,1,['O']
R,455,VAL,4.052718717108301,2,"['CG1', 'CG2']"
R,462,CYS,4.125670006192933,3,"['C', 'O', 'CB']"
R,465,GLU,4.181750949064279,3,"['N', 'CG', 'CD']"
R,454,PHE,4.239321997678391,4,"['C', 'O', 'CB', 'CG']"
R,227,PHE,4.257058726397835,2,"['CE1', 'CZ']"
R,408,LYS,4.315159904337264,1,['NZ']
R,418,GLY,4.5215831298340605,1,['N']
R,460,CYS,4.575363701390306,1,['N']
R,303,GLY,4.878366632388352,1,['N']
